"";"time1RND";"time1R";"time1ACS";"time1KAST";"time1KD";"time1ADR";"time1KPR";"time1APR";"time1FKPR";"time1FDPR";"time1K";"time1D";"time1A";"time1FK";"time1FD";"time2RND";"time2R";"time2ACS";"time2KAST";"time2KD";"time2ADR";"time2KPR";"time2APR";"time2FKPR";"time2FDPR";"time2K";"time2D";"time2A";"time2FK";"time2FD";"ganhador"
"1";646,968;1,104;226,534;71,8;1,23;144,42;0,792;0,254;0,132;0,11;537,236;452,59;146,796;114,058;88,952;689,434;1,032;207,926;71;1,068;133,944;0,724;0,288;0,112;0,1;484,964;457,142;199,124;69,862;61,994;"1"
"2";1219,684;1,036;210,274;71,8;1,06;136,644;0,732;0,288;0,094;0,094;888,446;837,318;325,418;111,496;107,404;211,202;0,948;197,304;70,6;0,922;129,252;0,674;0,334;0,102;0,106;146,084;156,542;64,084;21,216;21,474;"1"
"3";1364,016;1,1;223;72,8;1,172;143,296;0,776;0,288;0,118;0,102;1095,962;914,264;369,27;180,198;151,788;391,628;1,048;216,922;71,4;1,126;141,042;0,758;0,254;0,118;0,106;307,966;260,916;98,18;43,008;37,688;"1"
"4";804,684;1,098;224,902;73;1,14;144,286;0,792;0,268;0,116;0,1;647,548;554,842;183,838;102,102;85,752;164,11;1,05;213,944;72,8;1,052;140,858;0,742;0,328;0,102;0,1;123,612;116,338;53,798;17,174;15,842;"1"
"5";654,19;1,048;212,532;71,8;1,06;136,404;0,744;0,284;0,108;0,106;491,832;464,312;184,92;76,048;70,812;1751,78;1,064;210,918;73,2;1,09;134,542;0,742;0,276;0,106;0,096;1387,162;1215,694;453,91;233,528;194,832;"1"
"6";1044,91;1,022;209,37;70,8;1,072;132,252;0,734;0,26;0,104;0,098;812,744;723,324;230,482;130,4;116,142;899,84;0,976;201,45;70,6;0,98;131,162;0,698;0,282;0,096;0,104;716,986;642,328;213,09;132,826;115,05;"0"
"7";237,106;0,98;202,374;68,8;0,95;131,246;0,69;0,312;0,102;0,102;165,43;173,598;82,314;23,12;24,654;1013,12;1,056;209,492;72,4;1,09;136,44;0,726;0,322;0,098;0,086;723,128;640,206;370,176;80;63,082;"0"
"8";903,684;1,002;210,798;70;1,036;136,4;0,728;0,28;0,104;0,096;654,714;619,136;284,964;80,424;72,602;338,096;0,942;199,768;70,6;0,936;133,648;0,7;0,276;0,1;0,104;236,924;251,774;91,266;33,516;34,748;"1"
"9";167,932;1,008;194,434;72,6;1,036;126,396;0,686;0,28;0,08;0,062;116,32;113,502;51,984;11,412;11,19;239,084;0,968;199,13;69,6;0,976;128,186;0,696;0,3;0,096;0,098;176,164;170,222;57,812;28,202;26,388;"1"
"10";891,808;1;211,038;69,6;1,056;135,63;0,748;0,228;0,12;0,108;683,81;617,552;209,286;104,914;81,906;1634,134;1,026;200,332;71,8;1,05;131,406;0,704;0,296;0,08;0,076;1172,544;1081,936;490,47;129,84;113,138;"0"
"11";948,184;1,048;223,25;71,8;1,072;142,068;0,772;0,274;0,13;0,124;779,558;700,226;221,578;157,842;131,696;201,758;1,01;211,178;71,2;1,036;137,74;0,738;0,272;0,096;0,102;148,754;146,584;53,692;20,648;22,508;"1"
"12";754,65;1,144;232,382;76,2;1,216;148,596;0,814;0,28;0,112;0,094;572,144;517,064;200,746;82,026;76,722;952,786;1,138;236,964;73,2;1,192;151,216;0,826;0,26;0,148;0,118;819,892;676,388;219,894;161,156;127,878;"0"
"13";825,582;1,04;228,318;71,4;1,11;144,872;0,802;0,23;0,138;0,116;674,24;595,138;185,2;115,204;88,008;1241,482;1,06;211,926;73,2;1,122;134,11;0,748;0,252;0,106;0,092;968,85;835,138;276,904;148,924;120,694;"0"
"14";1172,022;1,014;220,594;69,4;1,128;142,672;0,776;0,228;0,128;0,11;891,736;767,678;292,22;119,232;99,124;1098,72;1,038;207,4;72,4;1,088;133,37;0,726;0,252;0,096;0,088;813,712;706,342;292,144;94,932;77,418;"0"
"15";542,784;1,108;216,864;72,8;1,152;138,61;0,756;0,306;0,104;0,092;418,08;353,982;171,892;55,444;48,662;531,556;1,036;203,676;70,2;1,064;129,7;0,71;0,29;0,104;0,098;385,04;348,812;147,106;51,792;47,452;"1"
"16";105,912;0,886;196,256;66;0,896;131,206;0,68;0,25;0,084;0,118;73,688;80,426;25,526;9,052;11,412;335,216;1,028;210,882;72;1,074;134,684;0,728;0,28;0,118;0,114;247,542;223,728;98,392;36,926;34,726;"0"
"17";112,342;0,978;200,564;68,4;1,008;134,1;0,7;0,264;0,088;0,098;77,824;81,544;20,528;9,79;10,856;170,37;1,008;202,48;72,6;1,01;133,434;0,7;0,33;0,088;0,088;114,744;119,108;56,95;13,732;14,636;"0"
"18";378,266;1,04;212,91;71,2;1,074;138,308;0,742;0,292;0,106;0,1;263,21;255,186;136,122;32,684;32,138;379,898;0,988;207,61;69,6;1,078;133,844;0,734;0,248;0,108;0,096;279,26;258,536;92,596;36,758;34,982;"1"
"19";292,43;0,978;213,91;69,8;1,004;139,646;0,74;0,266;0,104;0,116;213,38;216,234;82,802;32,934;38,48;881,408;1,108;223,826;72,6;1,166;144,88;0,778;0,262;0,122;0,104;696,454;589,478;221,238;113,542;90,648;"0"
"20";306,808;0,938;197,636;67,6;0,946;128,134;0,682;0,284;0,098;0,108;209,918;225,046;85,078;30,418;33,362;449,708;0,974;196,95;70;0,964;128,834;0,69;0,272;0,098;0,108;314,794;319,326;122,534;44,1;42,812;"0"
"21";529,812;0,982;201,84;70,2;0,974;132,02;0,702;0,274;0,102;0,102;375,674;380,232;133,066;59,4;56,882;874,492;1,05;210,466;72,6;1,066;133,932;0,728;0,314;0,108;0,094;600,984;579,79;327,61;71,454;65,95;"0"
"22";1722,078;0,97;215,268;67,6;1,112;135,1;0,746;0,278;0,11;0,094;1283,008;1139,814;509,576;173,006;130,018;947,132;1,136;228,498;73,4;1,202;145,554;0,79;0,276;0,126;0,098;769,032;622,258;237,064;131,454;93,916;"0"
"23";737,882;1,012;211,658;69,2;1,086;137,046;0,748;0,218;0,116;0,102;550,314;506,37;149,55;83,002;74,39;1494,654;1,158;226,032;74,8;1,222;147,304;0,788;0,31;0,102;0,082;1096,576;935,48;524,374;122,8;96,368;"0"
"24";1657,17;1,124;222,79;74,4;1,258;139,622;0,784;0,286;0,118;0,098;1294,224;1033,918;458,286;208,622;165,572;1178,038;1,018;208,982;70,8;1,076;135,132;0,736;0,246;0,108;0,102;853,178;789,948;324,282;111,76;107,788;"1"
"25";858,498;1,028;217,048;68,4;1,16;139,212;0,758;0,298;0,102;0,088;661,332;554,722;278,736;82,524;63,814;419,464;1,088;221,682;71,8;1,124;143,648;0,77;0,264;0,116;0,102;318,604;284,834;114,546;46,298;40,804;"1"
"26";665,686;1,104;225,728;72;1,222;144,192;0,79;0,262;0,132;0,108;550,75;464,422;154,334;116,544;90,64;572,178;1,106;216,288;73;1,148;138,408;0,756;0,308;0,104;0,092;439,552;373,254;182,794;57,878;51,356;"0"
"27";278,616;0,924;191,194;69,2;0,932;125,856;0,662;0,27;0,08;0,088;200,784;195,168;65,462;26,218;27,118;846,048;1,064;211,882;72,2;1,114;138,538;0,746;0,298;0,094;0,088;592,564;573,212;270,796;73,654;70,672;"0"
"28";979,766;1,01;204,27;70,8;1,01;132,732;0,708;0,276;0,096;0,102;691,542;687,094;266,504;90,92;93,612;1324,674;1,098;222,42;73,4;1,15;143,65;0,784;0,298;0,108;0,09;1071,138;908,834;360,91;166,026;129,866;"0"
"29";1319,848;1,028;203,976;70,6;1,066;129,598;0,726;0,27;0,106;0,102;972,488;884,256;353,094;142,382;126,372;534,306;0,928;192,13;68,8;0,916;126,486;0,662;0,28;0,096;0,108;380,816;394,17;127,282;71,238;72,464;"1"
"30";973,388;1,02;216,608;69,6;1,078;139,52;0,746;0,294;0,116;0,1;707,474;658,784;295,694;99,098;82,752;965,39;0,978;212,062;68,4;1,036;137,086;0,736;0,298;0,102;0,098;730,892;680,018;283,174;101,562;91,242;"1"
"31";1618,618;1;210,714;68,4;1,124;132,926;0,74;0,25;0,112;0,092;1222,992;1066,806;361,878;205,348;165,03;1878,038;1,032;210,708;71;1,132;134,928;0,74;0,288;0,102;0,088;1339,816;1188,5;614,836;151,01;111,196;"1"
"32";1323,588;1,022;215,944;71,2;1,04;138,472;0,746;0,282;0,12;0,114;1004,234;923,55;442,806;146,278;129,686;643,914;0,992;202,212;69,6;1,04;131,94;0,71;0,248;0,088;0,088;462,472;437,176;159,83;56,908;53,908;"1"
"33";827,796;1,008;222,236;69,8;1,076;142,664;0,774;0,268;0,126;0,116;651,054;588,52;175,976;113,916;98,49;1684,804;1,092;219,912;73,2;1,154;141,106;0,768;0,278;0,114;0,092;1355,096;1146,986;456,502;220,204;162,982;"1"
"34";813,972;0,988;207,074;69,6;1,068;132,588;0,73;0,244;0,114;0,096;633,828;547,252;170,228;107,19;79,128;900,702;1,022;222,276;69,2;1,092;141,39;0,774;0,268;0,122;0,108;697,418;626,506;238,342;99,558;86,818;"1"
"35";1190,492;1,034;217,568;71;1,106;137,924;0,768;0,24;0,124;0,106;930,756;823,906;249,936;164,004;129,428;1138,254;1,044;223,592;70,4;1,144;143,6;0,788;0,226;0,122;0,1;936,942;783,494;213,178;165,908;117,852;"0"
"36";2160,296;1,026;212,298;69,2;1,1;135,486;0,738;0,264;0,122;0,1;1668,698;1470,518;574,056;307,582;233,156;827,952;0,996;199,068;70,8;0,98;128,88;0,686;0,28;0,096;0,094;609,576;583,494;208,792;109,416;94,474;"1"
"37";1188,422;0,94;198,762;67,4;0,97;128,578;0,704;0,238;0,116;0,114;959,884;866,218;181,464;201,988;161,442;679,032;1,084;213,432;73,6;1,116;137,222;0,762;0,25;0,12;0,096;517,106;463,988;160,046;84,94;68,454;"0"
"38";1465,834;1,004;209,32;69;1,122;133,132;0,732;0,27;0,096;0,086;1090,666;921,118;353,822;138,708;109,91;963,328;0,998;205,068;68,8;1,058;131,302;0,726;0,258;0,104;0,102;718,998;659,902;237,426;115,252;102,108;"0"
"39";787,568;1,016;215,506;68,8;1,064;140,334;0,748;0,26;0,11;0,108;609,652;554,866;208,864;94,044;87,256;587,758;1,03;210,428;70;1,118;135,274;0,744;0,254;0,096;0,084;473,124;390,204;131,574;76,452;54,674;"0"
"40";741,96;1,01;211,114;69;1,084;136,706;0,746;0,218;0,116;0,102;552,246;509,704;149,836;83,5;75,438;884,69;1,112;224,014;72,6;1,164;144,986;0,782;0,262;0,124;0,102;700,47;590,94;221,532;114,25;90,65;"0"
"41";1196,748;1,054;209,646;72,2;1,092;135,98;0,732;0,272;0,1;0,086;863,416;792,832;339,16;109,382;91,126;795,846;1,1;236,356;69,4;1,224;150,938;0,832;0,222;0,156;0,122;711,876;538,328;144,472;153,418;107,216;"0"
"42";1199,518;1,006;205,352;71,4;1,074;128,87;0,722;0,274;0,102;0,09;879,088;805,666;320,884;130,402;109,804;1009,676;1,03;213,314;70,6;1,09;137,682;0,746;0,282;0,102;0,094;734,264;658,388;320,282;86,908;79,644;"0"
"43";1383,294;1,084;222,22;72,8;1,156;143,456;0,776;0,252;0,112;0,094;1082,216;928,964;355,814;153,772;127,908;1005,356;0,946;217,114;64,2;1,108;135,002;0,76;0,274;0,116;0,104;767,652;687,028;284,63;127,09;98,536;"0"
"44";497,562;0,99;204,196;70,2;1,02;133,544;0,72;0,252;0,108;0,104;366,318;343,846;120,928;54,976;48,232;1038,5;1,094;222,008;72,4;1,176;142,922;0,782;0,258;0,122;0,11;842,992;698,544;238,08;146,482;124,236;"0"
"45";1498,38;1,158;226,076;74,8;1,222;147,364;0,792;0,312;0,102;0,082;1099,914;937,028;526,016;123,812;96,854;880,384;1,05;210,214;72,6;1,064;133,906;0,722;0,314;0,108;0,094;605,51;583,882;329,412;72,638;66,96;"1"
"46";431,444;1,01;217,128;70,6;1,04;140,634;0,76;0,238;0,12;0,114;330,798;308,082;99,058;49,82;43,234;592,806;1,036;209,728;70,4;1,066;136,124;0,728;0,268;0,108;0,104;455,512;402,05;152,23;72,046;58,132;"1"
"47";298,272;0,974;212,682;69,4;0,994;139,054;0,736;0,264;0,104;0,118;215,834;221,376;84,24;33,06;39,602;453,612;0,976;197,236;70;0,966;129;0,692;0,276;0,098;0,108;318,392;321,878;123,696;45,068;43,008;"0"
"48";311,364;0,938;197,502;67,6;0,944;128,072;0,682;0,282;0,098;0,108;212,934;228,392;86,184;30,62;33,922;537,894;0,982;201,822;70,2;0,978;132,008;0,702;0,274;0,102;0,102;381,23;386,418;134,77;60,45;57,958;"0"
"49";1892,866;1,038;208,146;71;1,074;132,406;0,724;0,292;0,11;0,104;1372,176;1257,406;573,01;204,422;183,666;878,97;1,026;209,914;70,4;1,08;135,14;0,732;0,278;0,108;0,098;655,768;594,458;226,684;97,514;82,426;"0"
"50";214,312;1,192;235,976;74,8;1,306;151,364;0,836;0,274;0,138;0,1;183,032;138,038;49,82;32,13;21,06;185,068;1,142;226,592;74,2;1,216;145,17;0,798;0,308;0,126;0,096;151,546;121,56;51,392;24,634;16,984;"0"
"51";861,954;1,064;211,734;72,2;1,114;138,402;0,744;0,298;0,094;0,09;604,358;583,61;275,744;75,354;72,34;1030,068;1,032;209,522;70,2;1,064;134,142;0,732;0,268;0,106;0,088;763,622;706,568;275,986;109,854;91,628;"1"
"52";286,352;0,916;189,806;69;0,924;124,71;0,662;0,272;0,084;0,088;205,446;201,084;67,906;27,118;27,606;1567,388;1,058;207,364;72,4;1,114;134,912;0,732;0,25;0,102;0,092;1182,212;1028,234;380,1;182,384;156,222;"0"
"53";539,538;0,924;191,662;68,6;0,916;126,194;0,662;0,28;0,096;0,108;383,94;398,166;127,36;71,718;73,012;788,664;1,014;215,104;68,8;1,058;140,144;0,748;0,262;0,11;0,108;609,874;555,95;209,084;94,024;87,336;"0"
"54";968,44;0,978;212,08;68,4;1,036;137,118;0,736;0,296;0,102;0,1;733,512;682,404;284,032;101,944;91,576;826,426;1,01;222,234;69,8;1,08;142,624;0,772;0,268;0,126;0,116;649,51;587,476;175,648;113,516;98,242;"0"
"55";963,93;0,998;205,046;69;1,056;131,302;0,726;0,258;0,104;0,102;719,302;660,3;237,778;115,352;102,284;590,658;1,032;209,396;70,4;1,062;135,972;0,726;0,268;0,106;0,104;453,446;400,778;151,79;71,694;57,924;"0"
"56";1687,968;1,09;219,79;73;1,152;141,006;0,768;0,276;0,116;0,092;1357,36;1149,116;457,616;220,64;163,32;980,908;1,018;216,624;70;1,08;139,574;0,746;0,292;0,116;0,1;713,376;663,89;297,216;100,084;83,386;"1"
"57";433,364;1,012;216,968;70,6;1,04;140,576;0,76;0,242;0,12;0,114;332,288;309,2;99,886;50,058;43,446;647,82;0,99;201,906;69,4;1,038;131,708;0,71;0,246;0,088;0,086;464,588;440,108;160,02;57,27;54,5;"0"
"58";1149,436;1,052;223,086;71,2;1,14;143,274;0,786;0,224;0,122;0,1;944,572;791,52;214,864;166,854;119,422;1144,112;0,986;200,512;70,2;0,978;128,466;0,698;0,282;0,102;0,112;843,54;814,31;295,986;138,564;126,794;"0"
"59";831,55;0,994;199,048;70,8;0,98;128,918;0,686;0,28;0,096;0,094;611,672;586,344;210,036;109,702;94,848;592,168;1,034;210,614;70,2;1,124;135,374;0,744;0,254;0,096;0,082;476,682;392,614;132,766;76,912;54,96;"1"
"60";1472,856;1,002;209,244;68,8;1,12;133,09;0,732;0,27;0,096;0,086;1094,744;925,84;354,682;139,428;110,5;1386,192;1,082;222,112;72,8;1,154;143,376;0,776;0,252;0,112;0,094;1084,224;930,968;356,28;154,224;128,024;"1"
"61";1321,744;1,03;204,08;70,6;1,07;129,666;0,724;0,268;0,106;0,102;974,152;884,502;353,79;142,364;126,118;2160,288;1,026;212,31;69,4;1,1;135,534;0,738;0,264;0,122;0,1;1668,11;1470,304;574,082;307,234;233,136;"1"
"62";685,948;1,06;215,718;71,8;1,098;140,016;0,75;0,272;0,108;0,096;516,732;462,058;180,466;72,164;64,978;1138,152;0,986;195,298;70,2;1,002;124,888;0,678;0,306;0,08;0,086;797,752;751,962;366,744;87,752;84,28;"1"
"63";818,554;0,99;206,802;69,6;1,066;132,442;0,73;0,244;0,114;0,096;636,546;550,636;171,668;107,604;79,766;1005,916;0,946;217,06;64,2;1,108;134,982;0,76;0,274;0,118;0,104;768,104;687,254;285,358;126,998;98,52;"0"
"64";1330,16;1,024;216,018;71,4;1,042;138,548;0,744;0,284;0,12;0,112;1008,628;927,236;443,718;147,564;130,576;907,396;1,022;221,994;69,2;1,092;141,324;0,774;0,268;0,122;0,108;702,496;630,2;240,226;100,38;87,428;"0"
"65";1016,092;1,048;220,374;71;1,114;140,246;0,768;0,252;0,138;0,116;802,696;704,408;223,404;164,832;128,432;1168,14;1,038;209,408;70,4;1,084;134,716;0,726;0,294;0,106;0,102;857,788;766,066;395,28;107,362;95,35;"0"
"66";28,2;1,072;209,3;76;1,212;135,1;0,754;0,256;0,102;0,102;20,9;18,3;6,4;2,3;2,6;1055,652;1,016;209,138;70,8;1,074;132,088;0,73;0,26;0,104;0,102;819,566;732,476;233,286;131,722;118,62;"0"
"67";83,298;0,622;166,724;53,8;0,74;110,65;0,578;0,218;0,068;0,116;52,294;61,46;19,522;5,768;6,914;246,184;0,928;198,15;68,8;0,946;128,538;0,696;0,256;0,092;0,108;185,94;181,962;47,468;28,252;27,314;"0"
"68";720,928;0,986;213,354;67;1,108;136,802;0,74;0,276;0,118;0,1;575,144;500,576;170,298;106,2;85,75;457,96;1,024;212,002;70;1,116;137,12;0,738;0,29;0,098;0,084;341,626;303,13;129,972;46,674;38,504;"0"
"69";1108,738;1,03;222,788;67,6;1,16;142,468;0,778;0,278;0,118;0,102;908,086;746,31;268,916;156,028;115,796;310,788;1,092;214,686;72,2;1,14;140,29;0,75;0,284;0,108;0,1;235,832;204,686;86,92;35,432;29,102;"1"
"70";259,086;0,858;191,818;66,2;0,89;124,178;0,676;0,196;0,094;0,11;181,896;196,544;47,734;29,99;33,136;289,768;0,902;194,38;65,2;0,888;128,346;0,666;0,218;0,086;0,104;195,132;212,528;66,812;23,36;28,996;"0"
"71";30,8;0,924;202;71,6;0,946;129,93;0,706;0,258;0,068;0,132;21,7;23,2;7;2,2;4,1;514,32;0,932;206,996;66,2;0,962;133,61;0,712;0,258;0,102;0,106;391,268;377,468;125,53;61,178;52,736;"0"
"72";1458,984;1,054;215,144;71,8;1,164;136,514;0,762;0,246;0,116;0,102;1125,242;944,726;355,362;163,444;133,63;1670,648;1,044;220,138;70,4;1,132;141,844;0,768;0,284;0,108;0,092;1249,124;1116,65;475,858;191,62;159,532;"0"
"73";580,518;1,04;215,454;70;1,07;139,82;0,756;0,24;0,124;0,104;443,17;404,662;126,39;75,56;61,172;609,75;1,014;207,77;71;1,036;133,816;0,728;0,274;0,116;0,11;441,004;429,192;167,034;71,406;69,594;"0"
"74";1145,532;0,844;198,324;61,8;0,93;127,42;0,698;0,2;0,116;0,122;932,202;838,626;169,606;200,03;158,096;392,38;0,808;181,928;62,6;0,846;119,284;0,638;0,242;0,088;0,114;256,924;293,73;92,202;37,64;46,602;"0"
"75";2564,986;1,102;231,47;72,6;1,224;144,834;0,812;0,242;0,13;0,1;2187,464;1717,864;575,486;375,708;227,48;1455,33;1,07;223,686;71,8;1,206;139,988;0,788;0,234;0,136;0,102;1202,866;960,404;304,57;238,76;166,548;"1"
"76";1083,406;1;212,464;67,6;1,128;135,812;0,744;0,274;0,1;0,092;826,214;712,204;283,34;109,504;93,848;1216,52;1,124;222,578;74,6;1,216;140,28;0,778;0,308;0,106;0,086;976,428;761,318;366,55;133,692;97,19;"0"
"77";172,568;0,788;177,068;62,4;0,844;115,334;0,618;0,222;0,084;0,11;115,57;115,798;48,664;13,002;13,596;801,144;0,978;202,148;69,6;1,028;131,374;0,702;0,254;0,092;0,084;577,006;533,166;228,846;64,954;54,078;"0"
"78";722,138;0,986;212,934;66,8;1,102;136,628;0,738;0,276;0,118;0,1;576,084;501,88;169,618;106,322;85,54;1108,714;1,03;222,662;67,8;1,158;142,526;0,778;0,282;0,118;0,102;907,314;745,688;270,826;155,428;115,496;"0"
"79";834,902;1,04;220,834;72,2;1,074;141,124;0,764;0,298;0,126;0,116;660,922;590,812;217,906;112,218;92,112;403,998;1,04;215,256;70,8;1,106;140,12;0,752;0,252;0,116;0,106;316,15;270,906;100,594;44,956;39,248;"1"
"80";972,526;1,046;201,756;73,6;1,064;127,812;0,714;0,324;0,106;0,096;668,332;666,196;258,658;99,354;88,696;171,784;1,01;202,972;72,8;1,01;133,844;0,702;0,332;0,09;0,088;115,864;119,864;57,544;13,89;14,636;"1"
"81";872,564;1,064;211,606;72,2;1,114;138,306;0,742;0,298;0,098;0,09;613,44;590,594;279,574;76,894;73,186;437,854;0,966;203,288;68,6;0,986;131,816;0,71;0,248;0,098;0,108;312,74;317,264;103,62;43,956;47,138;"1"
"82";35,966;0,908;200,566;69,2;0,844;130,86;0,66;0,316;0,136;0,074;23,566;28,266;11,534;3,834;2,434;295,192;0,912;195,902;65,4;0,946;125,536;0,682;0,234;0,094;0,098;201,628;218,802;63,962;30,104;30,24;"1"
"83";457,008;1,012;201,004;70,8;1,032;130,48;0,71;0,24;0,112;0,112;337,848;314,474;102,936;58,372;49,314;484,046;0,984;206,226;70,6;0,998;133,23;0,718;0,306;0,112;0,11;345,814;344,218;145,338;50,234;50,99;"1"
"84";753,128;1,138;232,116;76;1,212;148,492;0,814;0,28;0,112;0,094;570,204;515,862;201,16;81,578;76,348;673,896;1,022;209,422;72,2;1,038;134,324;0,732;0,286;0,104;0,096;503,948;477,484;193,5;74,12;64,33;"1"
"85";1370,442;1,1;223,018;72,8;1,172;143,326;0,776;0,288;0,118;0,102;1100,65;918,132;372,85;180,698;152,588;196,188;0,916;200,968;67;0,938;131,492;0,688;0,256;0,104;0,122;138,93;147,326;50,162;22,228;22,422;"1"
"86";1341,874;1,1;222,49;73,4;1,152;143,722;0,784;0,298;0,11;0,088;1084,912;920,042;364,74;168,448;131,222;1200,94;1,034;217,43;71;1,108;137,918;0,768;0,24;0,126;0,106;939,368;831,246;252,22;165,934;130,456;"1"
"87";276,372;0,962;193,468;70;0,938;124,596;0,666;0,29;0,098;0,1;188,888;193,88;78,664;26,37;27,854;338,662;1,038;211,038;72,2;1,082;134,718;0,73;0,282;0,118;0,112;249,97;225,188;99,774;37,148;34,742;"0"
"88";1320,27;1,086;217,358;72;1,16;138,45;0,762;0,288;0,118;0,094;1050,694;870,902;380,864;173,488;131,764;2246,012;1,112;238,196;71,8;1,192;148,53;0,832;0,22;0,16;0,12;2000,816;1604,966;425,624;454,582;314,312;"1"
"89";1530,906;1,042;215,212;71,4;1,11;138,638;0,758;0,256;0,114;0,096;1190,722;1040,394;372,02;187,216;150,096;866,294;1,074;223,206;71,6;1,138;141,26;0,786;0,264;0,118;0,102;700,254;601,412;216,682;115,674;95,202;"1"
"90";2118,784;1,118;221,028;74,2;1,162;141,71;0,772;0,286;0,108;0,09;1638,854;1389,382;640,786;215,056;160,528;1259,862;1,1;222,93;73;1,184;141,332;0,792;0,246;0,118;0,09;1061,014;858,072;278,816;183,702;133,794;"1"
"91";1065,25;1,024;209,466;71,2;1,078;132,442;0,732;0,262;0,104;0,098;828,458;737,004;235,326;133,96;118,77;255,894;0,95;197,066;70,2;0,988;125,056;0,686;0,29;0,084;0,106;193,974;186,942;49,572;29,888;28,514;"1"
"92";415,312;1,022;221,42;70,2;1,076;142,844;0,77;0,252;0,124;0,108;325,472;300,388;98,284;58,354;48,62;711,332;1,01;208,202;71;1,042;135,258;0,726;0,268;0,112;0,106;519,232;498,678;193,146;83,214;79,392;"1"
"93";271,626;0,924;195,664;67;0,918;130,344;0,674;0,276;0,082;0,088;185,806;196,47;75,948;22,628;25,308;486,924;0,928;201,774;66,4;0,934;130,126;0,688;0,264;0,098;0,106;352,984;357,81;127,778;52,036;49,136;"0"
"94";467,992;1,03;212,122;70,2;1,122;137,076;0,738;0,288;0,098;0,084;350,006;309,536;132,324;47,88;39,38;1127,19;1,034;222,11;68;1,158;142,084;0,776;0,28;0,118;0,1;919,626;758,558;277,552;157,416;116,41;"1"
"95";1242,306;0,998;206,982;70,2;1,04;133,826;0,728;0,254;0,104;0,094;934,222;847,316;326,71;127,452;97,028;889,99;0,986;203,084;70;1,022;131,526;0,714;0,26;0,1;0,09;661,896;610,102;229,18;94,064;73,086;"0"
"96";114,34;1,04;207,324;70,2;1,048;133,592;0,712;0,27;0,106;0,096;84,758;79,01;29,746;12,462;11;386,53;0,982;207,194;69,8;1,072;133,61;0,732;0,25;0,108;0,096;283,65;263,622;95,042;37,53;35,502;"0"
"97";515,416;0,992;202,954;69;1,026;131,866;0,708;0,288;0,098;0,096;380,902;354,566;145,436;53,13;47,906;195,014;0,952;207,604;69;0,956;135,236;0,712;0,306;0,104;0,102;144,902;144,362;58,922;21,872;20,46;"1"
"98";656,334;0,958;189,778;69,6;0,95;126,85;0,658;0,3;0,078;0,094;425,914;444,492;234,534;40,538;45,066;953,986;1,138;236,644;73,2;1,194;151,104;0,826;0,262;0,144;0,118;819,416;676,58;221,924;160,348;127,444;"0"
"99";1043,814;1,028;209,174;70,2;1,058;134,004;0,732;0,266;0,106;0,09;772,64;717,03;279,01;111,252;93,346;1355,096;1,1;222,156;73,6;1,15;143,56;0,78;0,294;0,108;0,09;1095,24;929,498;367,85;170,658;132,346;"0"
"100";366,502;0,938;199,074;70;0,926;133,37;0,698;0,274;0,096;0,104;255,216;274,394;98,31;35,266;38,556;831,228;1,038;227,854;71,4;1,106;144,552;0,8;0,232;0,138;0,116;677,652;599,142;185,846;115,736;89,028;"0"
"101";915,162;1,006;210,958;70;1,038;136,514;0,728;0,28;0,104;0,094;663,776;626,438;289,018;82,276;73,34;447,528;1,054;211,138;71,2;1,074;135,284;0,74;0,282;0,114;0,106;340,662;316,21;115,26;61,29;55,464;"1"
"102";805,438;0,982;202,44;69,8;1,028;131,676;0,704;0,256;0,092;0,086;580,706;536,564;229,9;65,648;54,808;653,346;0,678;207,908;49,4;1,016;132,696;0,726;0,244;0,1;0,106;598,798;486,264;125,448;130,894;92,276;"1"
"103";279,33;0,96;207,292;67,2;1,014;131,522;0,724;0,304;0,108;0,1;201,082;201,182;84,516;27,368;27,438;1041,768;1,09;221,738;73,2;1,16;140,132;0,776;0,28;0,116;0,096;818,756;695,39;290,058;123,08;94,662;"0"
"104";103,778;0,858;190,176;64,4;0,862;127,148;0,66;0,246;0,08;0,122;71,866;78,912;24,666;9,122;11,222;394,246;1,042;213,294;71,4;1,078;138,316;0,744;0,29;0,106;0,102;275,792;266,506;140,876;35,062;34,286;"0"
"105";113,952;0,974;200,526;68,4;1,006;133,98;0,7;0,262;0,09;0,1;78,868;82,858;20,584;10,054;11,028;123,87;0,93;190,998;70,4;0,912;124,524;0,658;0,28;0,084;0,094;80,148;88,12;35,628;9,912;10,456;"0"
"106";851,79;1,054;218,916;73;1,136;138,818;0,77;0,24;0,116;0,104;678,886;598,04;175,342;114,898;100,246;1304,508;1,024;203,758;71,4;1,058;132,838;0,724;0,274;0,096;0,088;934;866,178;381,944;108,892;99,45;"1"
"107";296,914;0,908;188,242;68,2;0,916;123,622;0,654;0,27;0,086;0,088;211,756;208,59;69,83;28,256;28,698;984,798;1,01;204,06;70,8;1,006;132,616;0,708;0,274;0,096;0,102;694,12;691,574;267,378;91,116;94,612;"1"
"108";61,902;1,022;210,694;69,4;1,054;136,338;0,732;0,256;0,118;0,104;42,792;44,818;14,836;6,868;6,728;1795,576;1,064;211,21;73,2;1,094;134,9;0,738;0,278;0,106;0,096;1420,25;1243,994;467,778;238,356;198,456;"0"
"109";1932,228;1,106;232,78;71,8;1,252;147,24;0,816;0,298;0,122;0,092;1642,766;1266,726;568,558;266,42;163,812;1185,462;1,104;233,17;72;1,236;148,11;0,812;0,272;0,13;0,102;976,872;788,81;319,902;167,704;129,016;"0"
"110";1315,952;1,02;208,23;72;1,072;132,836;0,722;0,258;0,114;0,104;1052,756;878,732;313,998;189,386;143,246;1201,152;1,04;225,946;70,6;1,138;140,122;0,794;0,226;0,142;0,11;1019,426;847,034;245,73;202,578;142,804;"0"
"111";1228,998;1,036;210,414;71,8;1,06;136,756;0,732;0,288;0,094;0,09;895,858;842,568;329,248;112,414;108,088;1012,778;1,056;209,344;72,2;1,094;136,342;0,726;0,324;0,098;0,086;722,32;640,204;369,4;79,846;63,248;"0"
"112";918,572;1,012;209,6;70,6;1,056;134,786;0,738;0,248;0,11;0,1;697,792;629,998;228,226;103,424;81,858;730,636;1,02;211,762;71;1,084;138,688;0,74;0,258;0,108;0,098;552,568;491,344;200,556;68,268;54,364;"1"
"113";169,052;1,04;213,218;72,6;1,044;140,388;0,74;0,324;0,102;0,098;127,592;120,548;54,548;17,896;16,396;523,87;0,996;203,216;69;1,03;132,084;0,708;0,288;0,1;0,094;387,346;359,49;147,752;54,346;48,52;"0"
"114";245,16;0,98;202,286;68,8;0,95;131,264;0,688;0,312;0,102;0,102;170,444;179,314;85,272;23,852;25,646;222,302;0,942;196,528;70,2;0,908;128,688;0,674;0,338;0,1;0,102;153,436;165,282;67,886;22,042;22,528;"1"
"115";645,064;1,024;215,62;71,4;1,066;138,49;0,748;0,276;0,114;0,102;482,64;443,338;189,962;69,51;64,52;468,136;0,982;214,776;70,8;1;136,334;0,738;0,264;0,124;0,122;372,418;354,496;118,606;69,438;66,744;"1"
"116";381,18;1,018;211,534;71,6;1,032;137,54;0,736;0,256;0,12;0,112;279,996;273,528;92,088;48,31;45,39;1002,022;0,994;211,52;69,2;1,086;137,95;0,74;0,258;0,102;0,094;734,61;642,752;284,026;74,858;64,75;"0"
"117";467,992;1,03;212,122;70,2;1,122;137,076;0,738;0,288;0,098;0,084;350,006;309,536;132,324;47,88;39,38;1127,19;1,034;222,11;68;1,158;142,084;0,776;0,28;0,118;0,1;919,626;758,558;277,552;157,416;116,41;"0"
"118";283,386;0,942;190,568;69,4;0,914;122,942;0,658;0,28;0,094;0,102;193,594;199,592;79,808;26,944;28,948;407,336;1,056;214,416;71,6;1,092;139,102;0,75;0,29;0,108;0,098;286,946;274,812;145,596;36,242;35,11;"0"
"119";717,37;1,01;207,764;70,8;1,034;135,042;0,726;0,266;0,112;0,106;522,56;503,954;194,6;83,798;80,592;199,526;0,948;206,188;68,6;0,948;134,442;0,708;0,3;0,104;0,102;147,12;147,9;59,296;22,014;21,324;"0"
"120";655,06;0,946;188,444;69,2;0,938;125,936;0,654;0,296;0,076;0,094;424,376;444,152;233,284;40,43;44,96;681,69;1,02;209,192;72;1,038;134,214;0,732;0,286;0,104;0,096;508,826;483,7;195,01;75,468;65,282;"0"
"121";986,338;1,006;203,882;70,8;1,004;132,512;0,708;0,274;0,096;0,1;694,868;692,918;268,258;91,196;94,504;1584,368;1,058;207,282;72,4;1,114;134,87;0,732;0,246;0,102;0,092;1193,36;1037,802;384,09;185,302;157,386;"1"
"122";1796,052;1,088;220,08;73,2;1,14;140,816;0,76;0,288;0,116;0,096;1398,71;1186,142;491,66;224,95;177,53;832,082;1,04;227,818;71,6;1,108;144,54;0,802;0,232;0,138;0,116;678,81;599,04;186,536;115,642;88,694;"0"
"123";236,09;0,972;200,52;70;0,978;129,376;0,698;0,302;0,098;0,098;173,79;168,458;57,53;27,548;25,874;594,362;1,032;215,434;71,4;1,058;136,804;0,748;0,252;0,124;0,114;471,362;418,742;109,402;96,686;77,504;"1"
"124";1076,41;1,024;209,874;71;1,082;132,67;0,734;0,266;0,102;0,096;838,812;744,166;239;135,854;119,85;493,932;0,93;202,138;67,2;0,936;130,51;0,69;0,268;0,1;0,108;358,414;362,152;131,07;52,3;49,806;"0"
"125";100,078;0,846;188,782;64,2;0,848;126,592;0,654;0,238;0,082;0,122;68,152;76,562;23,382;8,534;10,99;124,012;1,016;205,126;69,4;1,028;132,842;0,702;0,262;0,104;0,1;92,036;86,212;31,384;13,87;12,292;"0"
"126";176,468;0,998;201,74;72,4;0,996;133,04;0,696;0,328;0,086;0,09;118,442;123,452;58,538;14,188;15,062;954,218;1,14;236,744;73,4;1,19;151,174;0,824;0,266;0,142;0,118;819,652;675,99;223,478;160,136;127,248;"0"
"127";821,2;0,99;202,948;69,8;1,032;131,938;0,706;0,258;0,098;0,086;592,87;546,832;232,402;68,064;56,192;1804,684;1,066;211,354;73,2;1,092;134,94;0,742;0,278;0,106;0,096;1427,268;1248,896;470,122;238,904;199,016;"0"
"128";1671,464;1,044;220,072;70,6;1,134;141,758;0,768;0,288;0,108;0,092;1250,48;1117,67;477,466;191,984;159,292;2572,372;1,112;231,446;72,8;1,224;144,88;0,812;0,244;0,13;0,1;2192,77;1721,364;579,674;376,072;228,67;"0"
"129";1222,986;1,124;222,69;74,8;1,222;140,372;0,78;0,308;0,106;0,086;980,134;764,336;367,06;134,622;97,784;1322,516;1,106;217,35;73;1,162;138,45;0,762;0,288;0,116;0,094;1054,024;872,512;380,378;174,126;132,352;"1"
"130";1837,212;0,97;209,142;65,6;1,056;127,216;0,728;0,26;0,108;0,098;1413,43;1238,212;492,15;202,68;160,47;1045,12;1,09;221,894;73,2;1,162;140,252;0,776;0,282;0,116;0,096;821,792;697,56;291,184;123,696;94,97;"1"
"131";840,154;1,044;220,946;72,4;1,074;141,208;0,764;0,3;0,126;0,116;664,554;594,172;220,806;112,564;93,182;200,6;0,91;199,388;66,6;0,928;130,586;0,682;0,256;0,104;0,124;140,89;150,912;51,332;22,372;23,078;"1"
"132";210,064;1;210,796;71;1,026;137,498;0,734;0,272;0,096;0,104;154,686;153,652;55,13;21,454;24,462;803,096;1,096;224,838;73,2;1,136;144,37;0,79;0,27;0,118;0,098;646,372;554,088;184,098;102,108;85,904;"0"
"133";1081,644;1,028;209,934;71,2;1,08;132,776;0,734;0,268;0,102;0,098;844,2;746,882;241,202;137,682;120,69;1813,48;1,066;211,58;73,2;1,096;135,118;0,742;0,278;0,106;0,096;1434,988;1254,658;474,068;240,458;199,264;"0"
"134";248,98;0,918;203,958;65,6;0,974;129,74;0,712;0,298;0,102;0,098;182,088;179,568;72,26;24,948;24,686;270,604;1,052;211,97;71,4;1,05;136,938;0,73;0,31;0,1;0,092;198,83;189,642;82,5;27,728;26,93;"0"
"135";463,856;1,052;210,896;71,4;1,068;135,216;0,738;0,28;0,112;0,106;352,994;328,866;118,544;62,952;58,022;643,242;1,028;215,778;71,4;1,07;138,726;0,75;0,278;0,114;0,102;481,428;441,966;189,368;69,266;64,23;"0"
"136";1428,38;1,028;214,75;71;1,072;138,28;0,744;0,288;0,102;0,096;1033,228;969,698;419,056;128,034;114,83;831,488;1,058;221,794;73;1,108;143,554;0,774;0,264;0,11;0,098;679,616;574,8;184,808;114,976;91,716;"0"
"137";1384,29;1,1;223,074;73;1,176;143,44;0,78;0,288;0,118;0,102;1111,552;926,208;376,906;182,266;153,432;862,454;1,054;218,852;72,8;1,136;138,73;0,77;0,242;0,116;0,106;687,112;605,74;178,628;115,504;101,572;"1"
"138";474,364;0,97;205,168;70,2;0,98;132,48;0,708;0,306;0,112;0,11;338,708;337,628;142,352;49,072;49,922;395,034;0,99;207,392;70;1,074;133,74;0,732;0,254;0,104;0,096;290,2;268,804;97,95;38,57;36,242;"1"
"139";424,482;1,024;221,442;70,2;1,078;142,854;0,77;0,256;0,124;0,108;333,468;306,332;100,914;60,184;49,65;960,834;1,052;223,23;72;1,072;142,132;0,77;0,278;0,13;0,12;789,752;709,264;224,794;160,514;132,932;"0"
"140";117,52;0,97;200,302;68,6;1,004;133,806;0,696;0,264;0,088;0,1;80,476;85,934;21,678;10,464;11,868;981,806;1,048;202,216;73,6;1,066;128,14;0,714;0,326;0,106;0,096;676,024;670,802;263,418;100,704;89,258;"0"
"141";1211,724;1,036;216,884;71;1,104;137,6;0,766;0,24;0,126;0,106;947,666;838,134;254,862;167,12;131,65;298,92;0,926;191,72;69,2;0,948;125,222;0,67;0,272;0,088;0,092;214,458;209,232;69,632;28,502;28,916;"1"
"142";1257,832;1,06;211,838;73,2;1,118;134,11;0,746;0,256;0,106;0,094;980,62;846,46;282,176;150,492;122,482;1799,484;1,088;220,038;73,2;1,142;140,764;0,76;0,286;0,116;0,096;1401,724;1188,22;492,548;225,616;177,768;"1"
"143";173,688;1,01;194,95;72,8;1,038;126,924;0,688;0,28;0,08;0,062;120,518;117,678;54,51;11,838;11,682;1559,306;1,014;216,116;70;1,106;137,818;0,754;0,28;0,118;0,104;1198,292;1079,93;428,06;206,122;167,568;"0"
"144";499,604;0,928;201,7;67;0,932;130,374;0,688;0,264;0,098;0,108;361,722;366,842;133,006;52,678;50,578;826,256;0,984;202,516;70;1,028;131,734;0,704;0,258;0,096;0,086;596,226;551,296;233,506;68,47;57,058;"1"
"145";930,622;1,058;226,348;70,8;1,142;142,504;0,794;0,256;0,122;0,11;740,688;647,592;228,038;119,92;105,732;406,266;1,028;208,068;70,6;1,068;133,656;0,732;0,266;0,102;0,11;305,956;278,628;105,32;42,764;43,822;"0"
"146";456,978;1,022;201,976;71,4;1,046;131,134;0,714;0,242;0,112;0,11;338,694;313,57;103,256;58,202;48,832;344,66;1,046;209,86;72,2;1,092;134,422;0,73;0,282;0,112;0,11;254,172;228,432;101,538;37,51;35,204;"0"
"147";753,426;1,138;232,128;76;1,212;148,608;0,814;0,28;0,112;0,094;570,468;516,016;201,852;81,306;76,266;134,674;0,944;193,16;71,4;0,932;126,424;0,672;0,282;0,088;0,094;88,684;95,962;39,894;11,136;11,658;"1"
"148";904,896;1,048;217,114;70,2;1,126;139,668;0,77;0,244;0,106;0,1;719,588;621,084;208,834;111,71;95,162;1372,778;1,09;202,718;74,2;1,118;132,76;0,714;0,296;0,09;0,076;954,254;852,286;456,404;114,586;92,912;"0"
"149";1365,54;1,098;222,082;73,6;1,15;143,472;0,78;0,298;0,108;0,09;1103,514;936,194;370,858;172,384;133,452;437,8;0,968;202,796;69,2;0,98;131,624;0,712;0,248;0,1;0,11;312,082;317,478;104,086;43,742;46,936;"1"
"150";885,118;1,042;209,384;72,2;1,06;133,48;0,72;0,312;0,108;0,096;607,934;587,952;329,556;73,274;68,244;747,284;1,008;210,754;68,8;1,08;136,472;0,748;0,218;0,116;0,102;555,43;513,912;150,644;84,03;76,078;"0"
"151";1350,556;1,052;210,89;72,2;1,09;137,018;0,736;0,308;0,092;0,082;994,968;900,926;422,366;113,67;103,568;2125,844;1,122;220,87;74,4;1,164;141,672;0,774;0,288;0,108;0,09;1643,304;1394,044;642,96;215,46;161,378;"0"
"152";1195,192;1,106;233,006;72;1,236;147,974;0,812;0,272;0,13;0,102;985,514;794,32;321,538;169,316;130,072;1196,354;1,042;225,96;70,8;1,14;140,146;0,794;0,228;0,142;0,11;1015,182;843,49;244,888;201,64;142,148;"1"
"153";2575,734;1,114;231,506;73;1,226;144,954;0,814;0,246;0,128;0,1;2197,308;1723,054;580,31;376,774;228,86;1220;1,128;223,272;74,8;1,226;140,678;0,78;0,308;0,108;0,086;979,016;762,628;366,056;135,064;97,736;"1"
"154";2133,518;1,122;220,838;74,4;1,162;141,676;0,77;0,288;0,108;0,09;1647,686;1399,254;647,022;216,078;161,756;1210,346;1,104;232,848;71,8;1,232;147,884;0,812;0,272;0,13;0,104;997,612;804,804;325,416;171,354;131,892;"0"
"155";1389,478;1,052;220,9;70,8;1,134;141,096;0,774;0,274;0,114;0,098;1075,366;942,054;392,106;146,652;127,602;1512,664;1,03;217,646;69,4;1,146;141,048;0,76;0,26;0,11;0,102;1199,844;1013,076;375,918;177,964;147,27;"0"
"156";2203,032;1,06;218,91;71,2;1,128;140,884;0,77;0,272;0,104;0,098;1732,7;1477,148;617,59;223,13;184,942;1543,724;1,032;210,09;69,8;1,066;134,522;0,736;0,272;0,112;0,102;1156,944;1065,012;407,444;184,13;156,648;"0"
"157";23,1;0,666;149,1;63;0,566;99,98;0,484;0,232;0,068;0,136;11,4;19,8;5,2;1,2;2,6;48,206;0,742;161,648;65;0,662;108,6;0,542;0,246;0,078;0,136;29,948;37,958;14,104;3,08;4,858;"1"
"158";169,92;1,05;214,952;70,8;1,106;137,008;0,746;0,296;0,106;0,094;138,806;111,974;44,902;21,96;15,332;21,6;0,28;86,8;29,8;0,234;60,99;0,232;0,104;0,022;0,176;5,1;21,4;2,1;0,5;3,7;"1"
"159";1080,552;1,02;208,25;70,2;1,05;133,594;0,728;0,272;0,104;0,092;796,236;744,188;288,868;114,578;98,4;1155,52;1,052;222,81;71,2;1,136;143,082;0,784;0,228;0,12;0,1;948,124;795,87;216,466;167,424;120,452;"1"
"160";883,004;1,066;211,984;72,2;1,116;138,544;0,748;0,298;0,094;0,09;621,178;596,86;283,772;78,064;74,092;1600,666;1,06;207,276;72,4;1,118;134,922;0,732;0,25;0,104;0,092;1205,782;1047,154;388,502;187,64;158,33;"1"
"161";741,744;1,018;201,218;71,8;1,05;131,684;0,712;0,238;0,1;0,092;527,602;497,08;167,732;69,966;61,364;1323,896;1,004;219,912;69,2;1,106;142,592;0,764;0,242;0,114;0,098;1114,44;928,484;272,012;207,696;156,842;"0"
"162";1223,588;1,036;216,978;71,4;1,104;137,622;0,766;0,242;0,126;0,106;955,976;845,59;258,176;168,476;132,982;1141,74;0,988;200,584;70,2;0,982;128,51;0,7;0,282;0,1;0,112;841,386;812,236;296,954;137,978;126,438;"1"
"163";580,518;1,04;215,454;70;1,07;139,82;0,756;0,24;0,124;0,104;443,17;404,662;126,39;75,56;61,172;609,75;1,014;207,77;71;1,036;133,816;0,728;0,274;0,116;0,11;441,004;429,192;167,034;71,406;69,594;"1"
"164";1145,532;0,844;198,324;61,8;0,93;127,42;0,698;0,2;0,116;0,122;932,202;838,626;169,606;200,03;158,096;392,38;0,808;181,928;62,6;0,846;119,284;0,638;0,242;0,088;0,114;256,924;293,73;92,202;37,64;46,602;"1"
"165";741,04;1,008;205,784;70,8;1,034;134,66;0,716;0,246;0,1;0,094;554,906;514,418;182,612;91,934;74,852;1378,802;1,01;210,14;69,4;1,086;133,108;0,738;0,288;0,098;0,092;1007,054;923,964;379,54;141,384;121,102;"0"
"166";1900,424;1,034;207,946;71;1,072;132,314;0,724;0,292;0,11;0,104;1375,804;1263,28;573,946;205,33;184,452;1166,946;1,038;209,402;70,4;1,086;134,832;0,724;0,294;0,106;0,102;857,062;765,018;394,86;107,214;95,31;"1"
"167";2328,164;1,09;224,888;72,6;1,174;141,068;0,79;0,236;0,124;0,1;1868,67;1569,076;551,802;300,53;222,428;2474,458;1,134;215,434;74,6;1,212;138,726;0,764;0,272;0,098;0,074;1927,928;1565,222;633,812;240,162;175,514;"1"
"168";700,754;1,06;215,668;71,8;1,096;139,992;0,748;0,274;0,108;0,094;528,396;472,282;185,776;73,788;66,296;918,776;1,04;216,33;71;1,094;139,832;0,75;0,306;0,106;0,092;677,602;598,876;315,746;82,124;71,8;"1"
"169";1733,218;1,102;215,658;72,4;1,124;136,132;0,756;0,266;0,11;0,092;1392,55;1171,632;416,532;247,07;182,052;1376,15;1,094;218,944;72,8;1,14;141,546;0,762;0,302;0,108;0,094;1045,028;918,022;415,846;153,764;129,14;"1"
"170";29,65;0,892;182,996;69,8;0,86;119,302;0,624;0,28;0,098;0,102;19,6;22,55;7,35;3,75;3,4;526,32;0,944;207,69;67;0,972;134,362;0,714;0,266;0,104;0,11;399,314;384,316;132,692;61,654;53,794;"0"
"171";307,958;0,912;195,984;65,6;0,94;125,626;0,682;0,234;0,096;0,096;211,004;228,574;66,614;31,282;32,092;46,1;0,898;184,004;66;0,916;119,68;0,642;0,216;0,078;0,128;29,3;33,5;9,15;3,3;5,95;"1"
"172";654,702;0,932;187,374;69,2;0,924;125,246;0,65;0,294;0,078;0,094;423,326;444,978;232,356;40,2;45,014;138,194;0,93;193,07;70,6;0,916;126,122;0,664;0,282;0,086;0,094;90,24;99,208;40,42;11,222;11,76;"0"
"173";118,23;0,956;197,91;68;0,984;132,294;0,688;0,256;0,088;0,1;80,868;86,864;21,552;10,662;12,254;754,742;1,14;232,278;76,2;1,212;148,682;0,814;0,28;0,112;0,092;571,864;516,852;202,734;81,362;76,372;"0"
"174";74,16;0,884;187,626;68,4;0,82;122,714;0,624;0,338;0,114;0,08;49,572;56,146;20,464;9,13;7,29;90,472;0,67;168,318;57,2;0,746;112,138;0,584;0,222;0,07;0,12;56,54;67,296;20,64;6,688;8,232;"1"
"175";303,24;0,918;196,554;66;0,904;130,066;0,676;0,224;0,086;0,104;206,358;222,044;70,184;24,966;30,942;281,464;0,844;192,858;65,4;0,882;125,508;0,676;0,2;0,096;0,108;196,026;214,908;52,034;32,282;35,528;"1"
"176";986,93;1,006;203,78;70,8;1,002;132,452;0,706;0,274;0,096;0,102;695,08;693,436;268,668;91,172;94,524;1167,348;1,048;222,438;70,6;1,132;142,924;0,782;0,228;0,12;0,1;958,334;804,804;218,376;170,052;121,946;"0"
"177";1139,226;0,986;200,486;70,2;0,98;128,468;0,7;0,284;0,102;0,112;838,28;810,196;297,08;137,244;125,904;307,17;0,928;192,204;69;0,942;125,334;0,672;0,262;0,092;0,096;220,426;215,472;70,686;29,482;29,94;"1"
"178";1213,392;1,008;205,278;71,4;1,076;128,808;0,72;0,274;0,102;0,09;888,672;815,068;323,156;132,386;111,316;1145,192;0,986;195,362;70,4;1,004;124,986;0,676;0,308;0,082;0,086;802,936;758,264;368,14;88,816;85,418;"0"
"179";2082,046;1,118;224,502;73;1,182;145,16;0,782;0,274;0,122;0,1;1559,566;1312,418;649,048;199,776;146,382;2056,374;1,112;213,594;74;1,148;138;0,754;0,292;0,102;0,086;1600,71;1369,622;537,432;247,654;199,34;"1"
"180";1014,142;1,042;220,02;71;1,11;140,08;0,766;0,252;0,14;0,116;800,156;703,746;223,256;164,244;128,35;880,282;1,028;210,076;70,4;1,082;135,336;0,732;0,278;0,108;0,098;656,044;594,794;228,686;97,182;82,524;"1"
"181";359,612;0,99;207,624;70,4;1,006;134,86;0,728;0,28;0,1;0,112;264,024;256,786;94,152;40,022;39,482;401,886;0,984;220,622;67,6;1,074;139,468;0,762;0,266;0,118;0,106;310,05;285,61;101,948;47,886;39,676;"1"
"182";2699,186;1,152;230,688;74,2;1,258;146,896;0,816;0,274;0,12;0,086;2281,576;1771,71;681,344;372,426;250,4;1921,582;1,096;221,726;72,4;1,168;140,744;0,774;0,276;0,112;0,094;1510,27;1273,954;514,754;221,228;169,762;"1"
"183";1008,954;1,036;218,672;71,6;1,064;141,588;0,748;0,31;0,108;0,104;749,276;692,068;382,088;105,068;98,272;463,534;1,034;209,452;71,8;1,088;134,47;0,726;0,268;0,108;0,104;359,782;306,042;119,666;56,748;46,608;"0"
"184";270,746;0,932;199,06;69;0,954;129,164;0,698;0,256;0,092;0,108;204,85;198,366;51,858;31,642;30,09;27,6;0,844;187;66;0,832;123,24;0,642;0,252;0,088;0,118;18,15;21,5;6,3;2,45;3,3;"1"
"185";180,706;0,99;200,826;72,2;0,984;132,774;0,694;0,324;0,086;0,088;120,68;127,228;59,018;14,448;15,194;690,27;1,024;209,412;72,2;1,038;134,406;0,732;0,286;0,104;0,096;516,146;488,758;197,512;77,002;66,01;"0"
"186";294,364;0,854;173,632;64,4;0,81;112,93;0,6;0,234;0,08;0,088;206,022;221,284;49,152;39,61;36,594;188,88;0,822;180,6;65,8;0,79;118,712;0,62;0,304;0,072;0,122;138,34;155,46;36,98;36,92;35,78;"1"
"187";983,236;1,05;202,45;73,6;1,072;128,3;0,714;0,326;0,106;0,096;677,806;671,494;263,47;100,898;89,416;955,608;1,14;236,868;73,4;1,194;151,25;0,826;0,266;0,142;0,118;821,084;676,25;225,534;159,738;126,864;"0"
"188";175,96;1,074;214,664;72,2;1,126;138,372;0,748;0,282;0,11;0,09;140,972;115,966;46,69;21,748;15,54;676,292;0,72;203,008;52,8;0,982;129,492;0,706;0,238;0,1;0,108;614,862;503,606;129,218;132,986;94,148;"0"
"189";956,4;1,134;228,316;73,4;1,2;145,522;0,79;0,276;0,124;0,1;776,874;628,586;238,636;133;95,038;1666,972;1,124;222,694;74,4;1,256;139,582;0,784;0,286;0,12;0,098;1301,612;1040,012;461,87;209,206;166,578;"1"
"190";514,966;0,938;201,946;67,4;0,934;130,426;0,69;0,276;0,098;0,11;373,278;376,64;140,118;54,336;51,738;282,056;0,932;198,51;66,2;0,962;128,152;0,694;0,228;0,1;0,108;197,888;207,684;61,642;29,534;31,184;"0"
"191";147,604;0,994;208,488;69,4;0,982;134,66;0,706;0,274;0,132;0,11;109,536;106,626;38,71;21,66;17,194;310,528;0,946;201,338;67,2;0,95;132,864;0,696;0,244;0,098;0,102;218,932;226,04;77,232;29,492;32,008;"1"
"192";353,368;0,936;207,2;68,2;0,97;132,628;0,722;0,224;0,11;0,124;266,534;258,548;70,27;42,278;40,248;188,654;0,916;191,01;67,4;1;124,642;0,676;0,24;0,104;0,11;128,716;126,636;52,56;15,96;15,61;"0"
"193";321,276;0,912;183,318;67,6;0,9;116,002;0,642;0,284;0,094;0,084;224,392;239,008;61,298;42,688;38,428;676,808;0,768;203,276;55,6;1,024;129,424;0,71;0,236;0,1;0,1;616,792;503,052;130,186;133,358;93,988;"0"
"194";2580,016;1,116;231,39;73,2;1,228;144,888;0,812;0,246;0,13;0,1;2199,488;1725,424;581,676;376,804;229,644;1217,028;1,106;232,89;72,2;1,234;147,914;0,812;0,272;0,13;0,104;1003,852;809,082;327,736;172,654;132,45;"0"
"195";301,922;0,942;200,238;66,8;0,97;129,078;0,698;0,252;0,098;0,106;213,566;220,952;69,124;32,3;33,674;166,044;0,99;209,052;69,8;0,986;134,68;0,712;0,286;0,13;0,106;123,248;119,802;45,724;24,58;18,96;"1"
"196";209,776;0,928;194,112;67,2;1,002;127,246;0,682;0,244;0,102;0,106;144,114;141,498;58,33;18,32;17,604;689,748;0,8;201,726;58,2;0,994;128,558;0,704;0,248;0,102;0,1;627,984;511,718;135,828;135,772;95,15;"0"
"197";970,412;1,134;227,724;73,2;1,198;145,182;0,79;0,276;0,126;0,1;788,468;637,596;241,694;135,2;96,238;1229,188;1,108;232,614;72,2;1,236;147,76;0,812;0,272;0,128;0,104;1013,2;816,448;330,524;173,734;134,092;"0"
"198";150,886;1,064;214,592;73;1,098;138,716;0,746;0,314;0,12;0,09;111,716;104,716;43,636;19,496;13,866;73,68;0,956;203,144;71,2;0,986;134,764;0,7;0,274;0,1;0,114;52,824;52,914;20,038;7,25;8,256;"1"
"199";319,316;0,956;201,086;67,2;0,986;129,64;0,704;0,26;0,102;0,104;227,01;230,974;76,106;34,196;34,854;705,756;0,836;201,934;60;1,008;128,876;0,708;0,248;0,1;0,098;642;521,044;140,846;138,358;95,932;"0"
"200";178,766;0,968;204,842;68,4;0,952;132,252;0,694;0,286;0,124;0,112;129,94;130,388;49,368;25,904;21,902;239,632;0,914;193,326;67,2;0,974;127,91;0,682;0,236;0,098;0,11;164,826;164,678;62,728;20,956;21,84;"1"
"201";899,67;1,112;223,602;72,6;1,162;144,7;0,778;0,26;0,122;0,102;711,378;600,328;224,294;115,514;92,074;757,9;1,01;211,198;69;1,08;136,81;0,75;0,218;0,114;0,102;565,058;522,192;154,136;85,486;77,512;"1"
"202";1690,862;1,088;219,772;73;1,158;140,98;0,766;0,278;0,116;0,092;1359,45;1150,124;458,86;220,622;163,498;849,89;1,014;221,812;70,2;1,084;142,232;0,772;0,264;0,128;0,116;667,142;602,64;180,642;116,666;100,366;"1"
"203";1007,34;0,998;205,12;70,6;1,026;132,4;0,72;0,248;0,1;0,096;724,48;697,112;254,326;98,346;91,01;1360,404;0,992;202,006;70;1,012;130,628;0,696;0,286;0,1;0,092;970,482;943,154;345,16;150,924;137,322;"1"
"204";1736,466;1,09;226,072;72,2;1,16;143,614;0,792;0,25;0,122;0,11;1404,004;1174,602;384,642;257,798;197,474;810,266;1,058;218,922;71;1,138;141,404;0,77;0,246;0,132;0,104;616,404;552,546;207,958;104,29;81,036;"1"
"205";297,402;0,87;187,702;64,8;0,874;123,476;0,652;0,254;0,098;0,108;198,2;226,948;66,136;35,252;37,558;1642,548;1,014;216,496;70,2;1,056;139,594;0,75;0,27;0,116;0,112;1246,562;1141,372;476,584;190,49;180,604;"1"
"206";1407,918;0,89;212,16;59,6;1,054;137,978;0,74;0,254;0,118;0,108;1124,346;995,752;319,456;198,156;165,794;2056,79;1,08;212,19;73,6;1,104;137,316;0,744;0,3;0,108;0,092;1525,044;1363,364;636,76;213,104;170,5;"0"
"207";1230,13;1,038;216,982;71,4;1,106;137,636;0,766;0,244;0,124;0,108;960,358;849,866;260,916;169,184;133,648;1105,022;1,026;208,71;70;1,052;134,052;0,728;0,276;0,104;0,094;814,578;760,062;295,996;117,74;100,746;"1"
"208";1740,962;1,09;226,116;72,2;1,162;143,634;0,792;0,25;0,122;0,11;1407,908;1176,776;385,692;258,598;197,612;302,256;0,87;187,522;64,8;0,874;123,192;0,654;0,256;0,096;0,106;201,706;230,062;67,064;36,112;38,316;"1"
"209";1404,486;1,196;236,336;75;1,296;151,748;0,832;0,296;0,126;0,092;1210,29;885,49;394,156;198,274;134,158;1019,392;1,052;209,79;72;1,082;135,28;0,74;0,262;0,116;0,106;759,5;691,522;262,456;125,932;112,39;"1"
"210";691,248;1,086;213,622;73,6;1,116;137,31;0,764;0,252;0,12;0,098;527,662;471,134;163,73;86,128;69,422;521,588;0,988;203,63;70;1,008;133,236;0,714;0,26;0,108;0,104;382,344;362,146;127,698;58,072;51,286;"1"
"211";1569,56;1,072;212,728;72,6;1,126;138,438;0,754;0,254;0,106;0,096;1203,556;1041,012;385,096;189,138;160,934;1134,376;0,986;200,546;70,2;0,982;128,508;0,7;0,284;0,102;0,112;834,252;806,414;297,644;136,412;125,088;"1"
"212";1005,326;1;205,172;70,6;1,03;132,418;0,72;0,248;0,1;0,096;723,076;695,6;253,874;98,118;90,752;809,528;1,056;218,306;71;1,132;141,116;0,768;0,246;0,132;0,104;614,714;552,396;207,822;103,718;80,846;"0"
"213";429,142;1,026;220,978;70,6;1,074;142,462;0,77;0,256;0,124;0,108;337,488;309,17;101,45;61,012;50,558;180,86;1,028;211,258;72,2;1,024;139,462;0,736;0,324;0,1;0,098;134,824;129,476;57,96;19,24;17,54;"1"
"214";292,006;1,034;212,374;71,2;1,034;137,246;0,732;0,308;0,1;0,102;215,584;206,42;88,754;29,972;31,072;1123,22;1,08;216,552;73,4;1,122;138,63;0,756;0,296;0,11;0,098;867,216;750,932;334,226;123,506;99,268;"0"
"215";294,118;0,956;206,986;67,4;1,004;131,972;0,722;0,298;0,106;0,1;211,598;212,982;87,254;28,868;29,326;1241,99;1,034;210,234;71,8;1,058;136,626;0,732;0,288;0,094;0,094;903,86;852,792;333,088;113,768;109,506;"0"
"216";540,486;1;203,834;69,2;1,036;132,434;0,71;0,292;0,1;0,096;400,568;369,542;153,414;56,154;49,924;199,086;0,962;206,472;69;0,964;134,496;0,712;0,302;0,102;0,102;146,302;146,726;59,11;21,684;21,032;"0"
"217";348,04;1,048;210,02;72;1,098;134,556;0,73;0,284;0,114;0,108;257,504;230,018;101,834;38,334;35,462;491,972;0,978;205,562;70,4;0,988;133,022;0,714;0,306;0,114;0,108;351,19;348,116;148,024;51,064;50,928;"1"
"218";134,882;1,028;208,618;70,2;1,044;135,536;0,716;0,268;0,104;0,1;100,286;93,554;35,48;14,608;12,942;461,856;1,018;201,718;71,2;1,038;130,966;0,714;0,242;0,112;0,11;341,706;317,77;104,324;58,248;49,686;"0"
"219";903,384;1,066;211,778;72,2;1,118;138,468;0,744;0,296;0,096;0,09;635,136;610,862;289,272;79,744;76,478;1236,37;1,044;217,17;71,6;1,106;137,782;0,766;0,246;0,126;0,108;966,778;853,592;262,638;170,246;134,216;"0"
"220";1328,16;1,032;204,146;70,6;1,07;129,746;0,726;0,272;0,108;0,102;979,328;888,72;355,384;143,654;126,878;992,084;1,018;216,472;70;1,08;139,482;0,748;0,294;0,116;0,098;721,632;671,714;298,982;101,604;84,496;"1"
"221";1273,594;1,098;222,452;72,2;1,158;142,186;0,78;0,294;0,116;0,104;999,99;856,736;359,21;151,45;133,696;630,56;1,068;212,882;72,4;1,108;137,428;0,75;0,26;0,118;0,108;483,366;423,658;143,854;74,808;62,256;"1"
"222";585,448;1,022;212,77;70,2;1,038;136,76;0,742;0,28;0,11;0,1;454,094;431,262;155,024;82,564;71,538;700,812;1,088;213,812;74;1,116;137,548;0,764;0,256;0,12;0,098;534,23;477,802;168,542;86,458;70,158;"0"
"223";1801,266;1,102;234,404;71,8;1,142;148;0,808;0,278;0,15;0,126;1501,348;1304,028;472,622;309,86;256,046;1096,534;1,11;226,426;72,6;1,18;142,832;0,798;0,272;0,124;0,102;892,08;739,092;293,814;141,784;111,584;"1"
"224";369,534;1,032;207,098;71,4;1,068;134,006;0,728;0,288;0,092;0,098;259,832;259,928;103,104;34,978;37,52;790,886;0,902;173,098;66,8;0,862;112,452;0,604;0,29;0,068;0,108;518,636;536,054;284,27;63,52;67,772;"1"
"225";79,08;0,992;209,498;72;1,148;135,89;0,738;0,306;0,092;0,118;54,586;52,79;24,028;6,128;8,19;316,93;0,938;198,11;67,2;0,928;130,472;0,682;0,232;0,084;0,102;218,672;230,204;74,054;26,126;32,204;"0"
"226";836,696;1,038;227,044;71,6;1,104;144,132;0,798;0,232;0,138;0,116;680,472;602,468;187,782;115,368;89,202;930,388;1,004;210,998;70,2;1,038;136,536;0,73;0,28;0,106;0,094;674,72;636,798;293,444;84,134;74,738;"0"
"227";646,966;1,028;215,834;71,4;1,072;138,822;0,748;0,278;0,114;0,102;484,642;444,424;190,388;69,916;64,404;481,236;0,976;214,16;70,6;0,992;136,176;0,736;0,268;0,12;0,124;380,376;365,778;121,766;71,076;69,42;"1"
"228";91,798;0,69;170,672;59,2;0,748;113,292;0,588;0,218;0,078;0,122;57,318;68,434;21,21;6,846;8,632;828,618;0,978;202,356;69,4;1,022;131,754;0,704;0,258;0,096;0,086;597,43;553,894;234,02;68,862;57,458;"0"
"229";657,358;1,048;212,12;71,6;1,088;137,624;0,734;0,304;0,102;0,092;472,854;419,526;229,324;54,606;47,234;1025,736;1,064;214,446;72,4;1,118;137,382;0,752;0,28;0,112;0,102;780,518;682,226;294,108;112,556;93,822;"0"
"230";810,452;1,098;225,064;73,2;1,14;144,478;0,79;0,27;0,118;0,1;651,864;558,768;186,696;102,684;86,626;458,148;1,028;216,342;71,2;1,052;140,392;0,752;0,26;0,12;0,106;352,588;328,796;110,644;62,448;53,828;"1"
"231";316,796;0,902;182,48;67;0,87;117,846;0,636;0,286;0,08;0,094;223,612;236,598;58,83;41,798;38,616;189,886;1,05;212,828;71,2;1,1;137,402;0,742;0,274;0,108;0,09;149,048;127,54;48,984;22,51;17,08;"1"
"232";397,01;0,988;206,966;70;1,068;133,562;0,73;0,25;0,106;0,098;290,73;270,516;97,816;38,488;36,462;392,108;1,044;215,858;71,4;1,11;138,26;0,752;0,28;0,112;0,104;291,4;264,382;114,402;40,828;37,03;"0"
"233";976;1,05;223,044;72;1,072;142,118;0,772;0,28;0,13;0,12;800,13;719,602;229,568;162,628;134,862;220,058;0,962;205,504;69,2;0,962;133,654;0,706;0,296;0,104;0,102;159,912;161,29;62,922;23,924;23,104;"1"
"234";452,004;1,072;216,436;72,4;1,106;140,394;0,758;0,3;0,106;0,098;323,756;304,974;160,342;40,188;38,658;462,41;1,018;201,82;71,4;1,038;131,118;0,712;0,248;0,112;0,108;341,562;317,894;105,16;58,2;49,64;"0"
"235";24,624;0,852;196,316;65,6;0,88;127,234;0,666;0,242;0,09;0,116;15,574;19,346;5,628;2;3,106;211,478;0,998;206,234;69,6;0,986;133,208;0,706;0,3;0,124;0,106;153,02;152,732;62,714;29,612;25,234;"0"
"236";1386,486;1,104;223,246;73;1,178;143,572;0,78;0,288;0,118;0,102;1113,43;926,43;378,564;182,31;153,248;849,322;1,046;221,23;72,4;1,078;141,414;0,766;0,3;0,13;0,116;672,768;600,232;223,424;114,458;94,634;"1"
"237";1373,446;1,1;222,048;73,6;1,15;143,45;0,78;0,298;0,108;0,09;1109,146;940,88;374,22;172,782;134,092;1579,7;1,074;212,832;72,6;1,132;138,494;0,754;0,258;0,106;0,096;1211,942;1046,152;387,084;190,5;161,45;"0"
"238";1176,478;1,036;209,038;70,4;1,084;134,556;0,724;0,294;0,104;0,102;863,796;771,044;398,462;107,982;96,372;880,492;1,024;209,802;70;1,08;135,268;0,73;0,278;0,108;0,1;655,324;595,262;230,14;96,7;82,486;"1"
"239";209,332;0,97;201,6;68,4;0,97;130,214;0,7;0,266;0,106;0,114;142,6;150,28;51,71;20,502;20,952;503,13;1,064;219,676;71,6;1,106;139,866;0,758;0,28;0,132;0,112;394,312;359,294;117,694;76,89;64,654;"0"
"240";2704,796;1,15;230,732;74,2;1,26;146,91;0,818;0,274;0,12;0,086;2287,608;1774,956;684,652;373,25;250,738;2085,768;1,116;224,276;73;1,18;145,012;0,782;0,276;0,122;0,1;1562,002;1315,998;650,514;200,094;146,436;"1"
"241";680,856;1,004;204,524;71,2;1,012;133,406;0,724;0,282;0,104;0,112;478,08;463,072;209,546;58,67;58,818;369,826;1,034;207,648;71,4;1,072;134,55;0,73;0,284;0,092;0,098;259,844;259,708;103,684;34,896;37,462;"1"
"242";1519,068;1,03;217,652;69,6;1,146;141,038;0,762;0,26;0,11;0,102;1204,626;1017,638;377,996;178,608;148,114;2079,626;1,11;213,412;74;1,14;137,906;0,754;0,288;0,102;0,086;1617,82;1386,248;542,538;250,42;202,402;"1"
